name,ok,vtype,vtype_name,avg_conf,line_count,elapsed,extractor,invoice_number,invoice_date,seller_name,client_name,tax,total,item_count,error
batch1-0001.jpg,True,intl-commercial,英文商发,0.8115,104,14.792,rule,51109338,04/13/2013,"Andrews, Kirby and Valdez",Becker Ltd,564.02,6204.19,7
batch1-0002.jpg,True,intl-commercial,英文商发,0.8095,86,9.23,rule,12847181,03/03/2012,Fitzpatrick and Sons,Duncan PLC,623.68,6860.45,5
batch1-0003.jpg,True,intl-commercial,英文商发,0.8165,66,7.709,rule,19471831,04/09/2014,Palmer Ltd,"Rios, Oneill and Rowe",4067.78,44745.59,3
batch1-0004.jpg,True,intl-commercial,英文商发,0.8034,87,9.463,rule,16273983,04/01/2017,"Reyes, Holloway and Lee",Castillo LLC,74.46,819.06,5
batch1-0005.jpg,True,intl-commercial,英文商发,0.7968,86,8.218,rule,89969473,10/29/2016,Johnson-Martin,"Deleon, Davila and Allen",72.54,797.91,5
batch1-0006.jpg,True,intl-commercial,英文商发,0.7965,82,6.61,rule,72128555,12/25/2013,Obrien Group,Duncan-Davis,66.58,732.34,5
batch1-0007.jpg,True,intl-commercial,英文商发,0.7976,107,8.771,rule,11580833,11/24/2019,"Wood, Simpson and Summers",Tapia LLC,467.12,5138.35,7
batch1-0008.jpg,True,intl-commercial,英文商发,0.8136,77,7.727,rule,74589240,12/08/2013,Hall-Boyd,Haas and Sons,1179.44,12973.88,4
batch1-0009.jpg,True,intl-commercial,英文商发,0.8118,55,5.808,rule,81978187,01/17/2013,Padilla-Miller,Johnson Ltd,11.34,124.79,2
batch1-0010.jpg,True,intl-commercial,英文商发,0.8094,54,7.445,rule,99314100,06/25/2014,"Michael, Farrell and Lee","Collins, Barrett and Schroeder",597.58,6573.33,2
batch1-0011.jpg,True,intl-commercial,英文商发,0.816,56,6.81,rule,68688408,03/20/2016,Torres and Sons,"Dennis, Levy and Bowen",8.30,91.27,2
batch1-0012.jpg,True,intl-commercial,英文商发,0.8061,73,6.833,rule,13407985,11/22/2013,"Nicholson, Miller and Webster",Mccormick and Sons,496.34,5459.75,4
batch1-0013.jpg,True,intl-commercial,英文商发,0.8019,81,4.93,rule,57986024,10/17/2015,Schmidt LLC,Allen PLC,21.57,237.29,5
batch1-0014.jpg,True,intl-commercial,英文商发,0.8092,46,5.259,rule,77596491,01/31/2021,"Tran, Hurst and Rodgers",Stephenson Inc,2.27,24.95,1
batch1-0015.jpg,True,intl-commercial,英文商发,0.8021,93,8.083,rule,46506594,03/12/2012,Porter-Perkins,Castaneda LLC,133.59,1469.45,6
batch1-0016.jpg,True,intl-commercial,英文商发,0.8046,84,7.242,rule,44456646,03/21/2015,Austin and Sons,"Delacruz, Hinton and Mckinney",28.74,316.10,5
batch1-0017.jpg,True,intl-commercial,英文商发,0.8076,84,7.131,rule,98858130,01/28/2021,"Dominguez, Jackson and Steele","Rodriguez, Hall and Tanner",40.19,442.07,5
batch1-0018.jpg,True,intl-commercial,英文商发,0.7991,93,7.28,rule,36187296,01/05/2017,"Lopez, Murray and Johnston",White Ltd,47.16,518.80,6
batch1-0019.jpg,True,intl-commercial,英文商发,0.8049,65,5.586,rule,56908352,01/11/2015,"Lozano, Wang and Smith","Evans, Curtis and Salinas",17.10,188.11,3
batch1-0020.jpg,True,intl-commercial,英文商发,0.7999,87,6.939,rule,15001300,02/18/2014,"Kerr, Ryan and Gomez",Mason Ltd,29.73,327.08,5
